{
  "animations": [
    {
      "id": "front",
      "position": "fromEntityBottomLeft",
      "requiredLoops": 5
    },
    {
      "id": "hi",
      "position": "fromEntityBottomLeft",
      "requiredLoops": 4
    },
    {
      "id": "throw",
      "position": "fromEntityBottomLeft",
      "requiredLoops": 1
    }
    ,
    {
      "id": "boom",
      "position": "fromEntityBottomLeft",
      "requiredLoops": 1
    },
    {
      "id": "run",
      "position": "fromEntityBottomLeft",
      "requiredLoops": 10
    },
    {
      "id": "rotate",
      "position": "fromEntityBottomLeft",
      "requiredLoops": 1
    }
  ],
  "capabilities": [
    "AnimatedSprite",
    "AnimationsProvider",
    "AutoRespawn",
    "BounceOnLateralCollisions",
    "FlipHorizontallyWhenGoingLeft",
    "LinearMovement",
    "PetsSpritesProvider",
    "AnimationsScheduler",
    "Rotating"
  ],
  "dragPath": "fly",
  "fps": 10,
  "zIndex": 0,
  "tags": ["yuanshen"],
  "id": "keli",
  "movementPath": "walk",
  "speed": 0.8
}
